id nodo;id vent
2501;999
2602;1000
2705;1001
2810;1002
2917;1003
3026;1004
3137;1005
3250;1006
3365;1007
3482;1008
673;99
3601;1009
3722;1010
3845;1011
3971;1012
4099;1013
4230;1014
4360;1015
4508;1016
4644;1017
4788;1018
719;100
5070;1019
5310;1020
5490;1021
5611;1022
166;1023
167;1024
168;1025
169;1026
170;1027
171;1028
774;101
172;1029
173;1030
174;1031
175;1032
176;1033
177;1034
191;1035
191;1036
221;1037
252;1038
831;102
286;1039
321;1040
359;1041
398;1042
440;1043
483;1044
529;1045
577;1046
627;1047
679;1048
890;103
732;1049
787;1050
844;1051
903;1052
964;1053
1026;1054
1091;1055
1158;1056
1227;1057
1298;1058
951;104
1371;1059
1446;1060
1523;1061
1602;1062
1683;1063
1766;1064
1851;1065
1938;1066
2027;1067
2118;1068
1013;105
2211;1069
2306;1070
2403;1071
2502;1072
2603;1073
2706;1074
2811;1075
2918;1076
3027;1077
3138;1078
1078;106
3251;1079
3366;1080
3483;1081
3602;1082
3723;1083
3846;1084
3972;1085
4100;1086
4231;1087
4361;1088
1145;107
4509;1089
4645;1090
4789;1091
5071;1092
5311;1093
5491;1094
5612;1095
193;1096
194;1097
195;1098
1214;108
196;1099
197;1100
198;1101
199;1102
200;1103
201;1104
202;1105
203;1106
204;1107
205;1108
1285;109
219;1109
222;1110
253;1111
287;1112
322;1113
360;1114
399;1115
441;1116
484;1117
530;1118
1358;110
578;1119
628;1120
680;1121
733;1122
788;1123
845;1124
904;1125
965;1126
1027;1127
1092;1128
1433;111
1159;1129
1228;1130
1299;1131
1372;1132
1447;1133
1524;1134
1603;1135
1684;1136
1767;1137
1852;1138
1510;112
1939;1139
2028;1140
2119;1141
2212;1142
2307;1143
2404;1144
2503;1145
2604;1146
2707;1147
2812;1148
1589;113
2919;1149
3028;1150
3139;1151
3252;1152
3367;1153
3484;1154
3603;1155
3724;1156
3847;1157
3973;1158
1670;114
4101;1159
4232;1160
4362;1161
4510;1162
4646;1163
4790;1164
5072;1165
5312;1166
5492;1167
5613;1168
1753;115
223;1169
224;1170
225;1171
226;1172
227;1173
228;1174
229;1175
230;1176
231;1177
232;1178
1838;116
233;1179
234;1180
235;1181
236;1182
249;1183
254;1184
288;1185
323;1186
361;1187
400;1188
1925;117
442;1189
485;1190
531;1191
579;1192
629;1193
681;1194
734;1195
789;1196
846;1197
905;1198
2014;118
107;10
966;1199
1028;1200
1093;1201
1160;1202
1229;1203
1300;1204
1373;1205
1448;1206
1525;1207
1604;1208
2105;119
1685;1209
1768;1210
1853;1211
1940;1212
2029;1213
2120;1214
2213;1215
2308;1216
2405;1217
2504;1218
2198;120
2605;1219
2708;1220
2813;1221
2920;1222
3029;1223
3140;1224
3253;1225
3368;1226
3485;1227
3604;1228
2293;121
3725;1229
3848;1230
3974;1231
4102;1232
4233;1233
4363;1234
4511;1235
4647;1236
4791;1237
5073;1238
2390;122
5313;1239
5493;1240
5466;1241
256;1242
257;1243
258;1244
259;1245
260;1246
261;1247
262;1248
2489;123
263;1249
264;1250
265;1251
266;1252
267;1253
268;1254
269;1255
270;1256
282;1257
289;1258
2590;124
324;1259
362;1260
401;1261
443;1262
486;1263
532;1264
580;1265
630;1266
682;1267
735;1268
2693;125
790;1269
847;1270
906;1271
967;1272
1029;1273
1094;1274
1161;1275
1230;1276
1301;1277
1374;1278
2798;126
1449;1279
1526;1280
1605;1281
1686;1282
1769;1283
1854;1284
1941;1285
2030;1286
2121;1287
2214;1288
2905;127
2309;1289
2406;1290
2505;1291
2606;1292
2709;1293
2814;1294
2921;1295
3030;1296
3141;1297
3254;1298
3014;128
3369;1299
3486;1300
3605;1301
3726;1302
3849;1303
3975;1304
4103;1305
4234;1306
4364;1307
4512;1308
3125;129
4648;1309
4792;1310
5074;1311
5314;1312
5469;1313
5464;1314
290;1315
291;1316
292;1317
293;1318
3238;130
294;1319
295;1320
296;1321
297;1322
298;1323
299;1324
300;1325
301;1326
302;1327
303;1328
3353;131
304;1329
305;1330
316;1331
325;1332
363;1333
402;1334
444;1335
487;1336
533;1337
581;1338
3470;132
631;1339
683;1340
736;1341
791;1342
848;1343
907;1344
968;1345
1030;1346
1095;1347
1162;1348
3589;133
1231;1349
1302;1350
1375;1351
1450;1352
1527;1353
1606;1354
1687;1355
1770;1356
1855;1357
1942;1358
3710;134
2031;1359
2122;1360
2215;1361
2310;1362
2407;1363
2506;1364
2607;1365
2710;1366
2815;1367
2922;1368
3833;135
3031;1369
3142;1370
3255;1371
3370;1372
3487;1373
3606;1374
3727;1375
3850;1376
3976;1377
4104;1378
3959;136
4235;1379
4365;1380
4513;1381
4649;1382
4793;1383
5075;1384
5315;1385
5470;1386
5263;1387
327;1388
4087;137
328;1389
329;1390
330;1391
331;1392
332;1393
333;1394
334;1395
335;1396
336;1397
337;1398
4218;138
338;1399
339;1400
340;1401
341;1402
342;1403
343;1404
353;1405
364;1406
403;1407
445;1408
4348;139
488;1409
534;1410
582;1411
632;1412
684;1413
737;1414
792;1415
849;1416
908;1417
969;1418
4496;140
1031;1419
1096;1420
1163;1421
1232;1422
1303;1423
1376;1424
1451;1425
1528;1426
1607;1427
1688;1428
4632;141
1771;1429
1856;1430
1943;1431
2032;1432
2123;1433
2216;1434
2311;1435
2408;1436
2507;1437
2608;1438
4776;142
2711;1439
2816;1440
2923;1441
3032;1442
3143;1443
3256;1444
3371;1445
3488;1446
3607;1447
3728;1448
5058;143
3851;1449
3977;1450
4105;1451
4236;1452
4366;1453
4514;1454
4650;1455
4794;1456
5076;1457
5316;1458
5298;144
5267;1459
5264;1460
365;1461
366;1462
367;1463
368;1464
369;1465
370;1466
371;1467
372;1468
5477;145
373;1469
374;1470
375;1471
376;1472
377;1473
378;1474
379;1475
380;1476
381;1477
382;1478
5476;146
391;1479
404;1480
446;1481
489;1482
535;1483
583;1484
633;1485
685;1486
738;1487
793;1488
2;147
850;1489
909;1490
970;1491
1032;1492
1097;1493
1164;1494
1233;1495
1304;1496
1377;1497
1452;1498
6;148
178;13
1529;1499
1608;1500
1689;1501
1772;1502
1857;1503
1944;1504
2033;1505
2124;1506
2217;1507
2312;1508
12;149
2409;1509
2508;1510
2609;1511
2712;1512
2817;1513
2924;1514
3033;1515
3144;1516
3257;1517
3372;1518
19;150
3489;1519
3608;1520
3729;1521
3852;1522
3978;1523
4106;1524
4237;1525
4367;1526
4515;1527
4651;1528
29;151
4795;1529
5077;1530
5317;1531
5268;1532
5018;1533
406;1534
407;1535
408;1536
409;1537
410;1538
41;152
411;1539
412;1540
413;1541
414;1542
415;1543
416;1544
417;1545
418;1546
419;1547
420;1548
55;153
421;1549
422;1550
423;1551
424;1552
432;1553
447;1554
490;1555
536;1556
584;1557
634;1558
71;154
686;1559
739;1560
794;1561
851;1562
910;1563
971;1564
1033;1565
1098;1566
1165;1567
1234;1568
88;155
1305;1569
1378;1570
1453;1571
1530;1572
1609;1573
1690;1574
1773;1575
1858;1576
1945;1577
2034;1578
108;156
2125;1579
2218;1580
2313;1581
2410;1582
2509;1583
2610;1584
2713;1585
2818;1586
2925;1587
3034;1588
129;157
3145;1589
3258;1590
3373;1591
3490;1592
3609;1593
3730;1594
3853;1595
3979;1596
4107;1597
4238;1598
153;158
4368;1599
4516;1600
4652;1601
4796;1602
5078;1603
5318;1604
5269;1605
5019;1606
448;1607
449;1608
179;159
450;1609
451;1610
452;1611
453;1612
454;1613
455;1614
456;1615
457;1616
458;1617
459;1618
207;160
460;1619
461;1620
462;1621
463;1622
464;1623
465;1624
466;1625
467;1626
474;1627
491;1628
238;161
537;1629
585;1630
635;1631
687;1632
740;1633
795;1634
852;1635
911;1636
971;1637
1034;1638
272;162
1099;1639
1166;1640
1235;1641
1306;1642
1379;1643
1454;1644
1531;1645
1610;1646
1691;1647
1774;1648
307;163
1859;1649
1946;1650
2035;1651
2126;1652
2219;1653
2314;1654
2411;1655
2510;1656
2611;1657
2714;1658
345;164
2819;1659
2926;1660
3035;1661
3146;1662
3259;1663
3374;1664
3491;1665
3610;1666
3731;1667
3854;1668
384;165
3980;1669
4108;1670
4239;1671
4369;1672
4517;1673
4653;1674
4797;1675
5079;1676
5319;1677
5270;1678
426;166
5020;1679
493;1680
494;1681
495;1682
496;1683
497;1684
498;1685
499;1686
500;1687
501;1688
469;167
502;1689
503;1690
504;1691
505;1692
506;1693
507;1694
508;1695
509;1696
510;1697
511;1698
515;168
512;1699
513;1700
519;1701
538;1702
586;1703
636;1704
688;1705
741;1706
796;1707
853;1708
563;169
912;1709
972;1710
1035;1711
1100;1712
1167;1713
1236;1714
1307;1715
1380;1716
1455;1717
1532;1718
613;170
1611;1719
1692;1720
1775;1721
1860;1722
1947;1723
2036;1724
2127;1725
2220;1726
2315;1727
2412;1728
620;171
2511;1729
2612;1730
2715;1731
2820;1732
2927;1733
3036;1734
3147;1735
3260;1736
3375;1737
3492;1738
666;172
3611;1739
3732;1740
3855;1741
3981;1742
4109;1743
4240;1744
4370;1745
4518;1746
4654;1747
4798;1748
720;173
5080;1749
5320;1750
5271;1751
5021;1752
540;1753
541;1754
542;1755
543;1756
544;1757
545;1758
775;174
546;1759
547;1760
548;1761
549;1762
550;1763
551;1764
552;1765
553;1766
554;1767
555;1768
832;175
556;1769
557;1770
558;1771
559;1772
560;1773
561;1774
565;1775
587;1776
637;1777
689;1778
891;176
742;1779
797;1780
854;1781
913;1782
973;1783
1036;1784
1101;1785
1168;1786
1237;1787
1308;1788
952;177
1381;1789
1456;1790
1533;1791
1612;1792
1693;1793
1776;1794
1861;1795
1948;1796
2037;1797
2128;1798
1014;178
2221;1799
2316;1800
2413;1801
2512;1802
2613;1803
2716;1804
2821;1805
2928;1806
3037;1807
3148;1808
1079;179
3261;1809
3376;1810
3493;1811
3612;1812
3733;1813
3856;1814
3982;1815
4110;1816
4241;1817
4371;1818
1146;180
4519;1819
4655;1820
4799;1821
5081;1822
5321;1823
5272;1824
5265;1825
589;1826
590;1827
591;1828
1215;181
592;1829
593;1830
594;1831
595;1832
596;1833
597;1834
598;1835
599;1836
600;1837
601;1838
1286;182
602;1839
603;1840
604;1841
605;1842
606;1843
607;1844
608;1845
609;1846
610;1847
611;1848
1359;183
614;1849
638;1850
690;1851
743;1852
798;1853
855;1854
914;1855
974;1856
1037;1857
1102;1858
1434;184
1169;1859
1238;1860
1309;1861
1382;1862
1457;1863
1534;1864
1613;1865
1694;1866
1777;1867
1862;1868
1511;185
1949;1869
2038;1870
2129;1871
2222;1872
2317;1873
2414;1874
2513;1875
2614;1876
2717;1877
2822;1878
1590;186
2929;1879
3038;1880
3149;1881
3262;1882
3377;1883
3494;1884
3613;1885
3734;1886
3857;1887
3983;1888
1671;187
4111;1889
4242;1890
4372;1891
4520;1892
4656;1893
4800;1894
5082;1895
5322;1896
5471;1897
5266;1898
1754;188
640;1899
641;1900
642;1901
643;1902
644;1903
645;1904
646;1905
647;1906
648;1907
649;1908
1839;189
650;1909
651;1910
652;1911
653;1912
654;1913
655;1914
656;1915
657;1916
658;1917
659;1918
1926;190
660;1919
661;1920
662;1921
663;1922
665;1923
691;1924
744;1925
799;1926
856;1927
915;1928
2015;191
975;1929
1038;1930
1103;1931
1170;1932
1239;1933
1310;1934
1383;1935
1458;1936
1535;1937
1614;1938
2106;192
1695;1939
1778;1940
1863;1941
1950;1942
2039;1943
2130;1944
2223;1945
2318;1946
2415;1947
2514;1948
2199;193
2615;1949
2718;1950
2823;1951
2930;1952
3039;1953
3150;1954
3263;1955
3378;1956
3495;1957
3614;1958
2294;194
3735;1959
3858;1960
3984;1961
4112;1962
4243;1963
4373;1964
4521;1965
4657;1966
4801;1967
5083;1968
2391;195
5323;1969
5472;1970
5467;1971
693;1972
694;1973
695;1974
696;1975
697;1976
698;1977
699;1978
2490;196
700;1979
701;1980
702;1981
703;1982
704;1983
705;1984
706;1985
707;1986
708;1987
709;1988
2591;197
710;1989
711;1990
712;1991
713;1992
714;1993
715;1994
716;1995
717;1996
718;1997
745;1998
2694;198
800;1999
857;2000
916;2001
976;2002
1039;2003
1104;2004
1171;2005
1240;2006
1311;2007
1384;2008
2799;199
1459;2009
1536;2010
1615;2011
1696;2012
1779;2013
1864;2014
1951;2015
2040;2016
2131;2017
2224;2018
2906;200
2319;2019
2416;2020
2515;2021
2616;2022
2719;2023
2824;2024
2931;2025
3040;2026
3151;2027
3264;2028
3015;201
3379;2029
3496;2030
3615;2031
3736;2032
3859;2033
3985;2034
4113;2035
4244;2036
4374;2037
4522;2038
3126;202
4658;2039
4802;2040
5084;2041
5324;2042
5494;2043
5468;2044
747;2045
748;2046
749;2047
750;2048
3239;203
751;2049
752;2050
753;2051
754;2052
755;2053
756;2054
757;2055
758;2056
759;2057
760;2058
3354;204
761;2059
762;2060
763;2061
764;2062
765;2063
766;2064
767;2065
768;2066
769;2067
770;2068
3471;205
771;2069
772;2070
773;2071
801;2072
858;2073
917;2074
977;2075
1040;2076
1105;2077
1172;2078
3590;206
1241;2079
1312;2080
1385;2081
1460;2082
1537;2083
1616;2084
1697;2085
1780;2086
1865;2087
1952;2088
3711;207
2041;2089
2132;2090
2225;2091
2320;2092
2417;2093
2516;2094
2617;2095
2720;2096
2825;2097
2932;2098
3834;208
3041;2099
3152;2100
3265;2101
3380;2102
3497;2103
3616;2104
3737;2105
3860;2106
3986;2107
4114;2108
3960;209
4245;2109
4375;2110
4523;2111
4659;2112
4803;2113
5085;2114
5325;2115
5495;2116
5604;2117
803;2118
4088;210
804;2119
805;2120
806;2121
807;2122
808;2123
809;2124
810;2125
811;2126
812;2127
813;2128
4219;211
814;2129
815;2130
816;2131
817;2132
818;2133
819;2134
820;2135
821;2136
822;2137
823;2138
4349;212
824;2139
825;2140
826;2141
827;2142
828;2143
829;2144
830;2145
859;2146
918;2147
978;2148
4497;213
1041;2149
1106;2150
1173;2151
1242;2152
1313;2153
1386;2154
1461;2155
1538;2156
1617;2157
1698;2158
4633;214
1781;2159
1866;2160
1953;2161
2042;2162
2133;2163
2226;2164
2321;2165
2418;2166
2517;2167
2618;2168
4777;215
2721;2169
2826;2170
2933;2171
3042;2172
3153;2173
3266;2174
3381;2175
3498;2176
3617;2177
3738;2178
5059;216
3861;2179
3987;2180
4115;2181
4246;2182
4376;2183
4524;2184
4660;2185
4804;2186
5086;2187
5326;2188
5299;217
5496;2189
5605;2190
861;2191
862;2192
863;2193
864;2194
865;2195
866;2196
867;2197
868;2198
5279;218
869;2199
870;2200
871;2201
872;2202
873;2203
874;2204
875;2205
876;2206
877;2207
878;2208
5277;219
879;2209
880;2210
881;2211
882;2212
883;2213
884;2214
885;2215
886;2216
887;2217
888;2218
4;220
889;2219
919;2220
979;2221
1042;2222
1107;2223
1174;2224
1243;2225
1314;2226
1387;2227
1462;2228
7;221
1539;2229
1618;2230
1699;2231
1782;2232
1867;2233
1954;2234
2043;2235
2134;2236
2227;2237
2322;2238
13;222
2419;2239
2518;2240
2619;2241
2722;2242
2827;2243
2934;2244
3043;2245
3154;2246
3267;2247
3382;2248
20;223
3499;2249
3618;2250
3739;2251
3862;2252
3988;2253
4116;2254
4247;2255
4377;2256
4525;2257
4661;2258
30;224
4805;2259
5087;2260
5327;2261
5497;2262
5606;2263
921;2264
922;2265
923;2266
924;2267
925;2268
42;225
926;2269
927;2270
928;2271
929;2272
930;2273
931;2274
932;2275
933;2276
934;2277
935;2278
56;226
936;2279
937;2280
938;2281
939;2282
940;2283
941;2284
942;2285
943;2286
944;2287
945;2288
72;227
946;2289
947;2290
948;2291
949;2292
950;2293
980;2294
1043;2295
1108;2296
1175;2297
1244;2298
89;228
468;21
1315;2299
1388;2300
1463;2301
1540;2302
1619;2303
1700;2304
1783;2305
1868;2306
1955;2307
2044;2308
109;229
2135;2309
2228;2310
2323;2311
2420;2312
2519;2313
2620;2314
2723;2315
2828;2316
2935;2317
3044;2318
130;230
3155;2319
3268;2320
3383;2321
3500;2322
3619;2323
3740;2324
3863;2325
3989;2326
4117;2327
4248;2328
154;231
4378;2329
4526;2330
4662;2331
4806;2332
5088;2333
5328;2334
5498;2335
5607;2336
982;2337
983;2338
180;232
984;2339
985;2340
986;2341
987;2342
988;2343
989;2344
990;2345
991;2346
992;2347
993;2348
208;233
994;2349
995;2350
996;2351
997;2352
998;2353
999;2354
1000;2355
1001;2356
1002;2357
1003;2358
239;234
1004;2359
1005;2360
1006;2361
1007;2362
1008;2363
1009;2364
1010;2365
1011;2366
1012;2367
1044;2368
273;235
1109;2369
1176;2370
1245;2371
1316;2372
1389;2373
1464;2374
1541;2375
1620;2376
1701;2377
1784;2378
308;236
1869;2379
1956;2380
2045;2381
2136;2382
2229;2383
2324;2384
2421;2385
2520;2386
2621;2387
2724;2388
346;237
2829;2389
2936;2390
3045;2391
3156;2392
3269;2393
3384;2394
3501;2395
3620;2396
3741;2397
3864;2398
385;238
3990;2399
4118;2400
4249;2401
4379;2402
4527;2403
4663;2404
4807;2405
5089;2406
5329;2407
5499;2408
427;239
5608;2409
1046;2410
1047;2411
1048;2412
1049;2413
1050;2414
1051;2415
1052;2416
1053;2417
1054;2418
470;240
1055;2419
1056;2420
1057;2421
1058;2422
1059;2423
1060;2424
1061;2425
1062;2426
1063;2427
1064;2428
516;241
1065;2429
1066;2430
1067;2431
1068;2432
1069;2433
1070;2434
1071;2435
1072;2436
1073;2437
1074;2438
564;242
1075;2439
1076;2440
1077;2441
1110;2442
1177;2443
1246;2444
1317;2445
1390;2446
1465;2447
1542;2448
569;243
1621;2449
1702;2450
1785;2451
1870;2452
1957;2453
2046;2454
2137;2455
2230;2456
2325;2457
2422;2458
615;244
2521;2459
2622;2460
2725;2461
2830;2462
2937;2463
3046;2464
3157;2465
3270;2466
3385;2467
3502;2468
667;245
3621;2469
3742;2470
3865;2471
3991;2472
4119;2473
4250;2474
4380;2475
4528;2476
4664;2477
4808;2478
721;246
5090;2479
5330;2480
5500;2481
5609;2482
1112;2483
1113;2484
1114;2485
1115;2486
1116;2487
1117;2488
776;247
1118;2489
1119;2490
1120;2491
1121;2492
1122;2493
1123;2494
1124;2495
1125;2496
1126;2497
1127;2498
833;248
562;23
1128;2499
1129;2500
1130;2501
1131;2502
1132;2503
1133;2504
1134;2505
1135;2506
1136;2507
1137;2508
892;249
1138;2509
1139;2510
1140;2511
1141;2512
1142;2513
1143;2514
1144;2515
1178;2516
1247;2517
1318;2518
953;250
1391;2519
1466;2520
1543;2521
1622;2522
1703;2523
1786;2524
1871;2525
1958;2526
2047;2527
2138;2528
1015;251
2231;2529
2326;2530
2423;2531
2522;2532
2623;2533
2726;2534
2831;2535
2938;2536
3047;2537
3158;2538
1080;252
3271;2539
3386;2540
3503;2541
3622;2542
3743;2543
3866;2544
3992;2545
4120;2546
4251;2547
4381;2548
1147;253
4529;2549
4665;2550
4809;2551
5091;2552
5331;2553
5501;2554
5610;2555
1180;2556
1181;2557
1182;2558
1216;254
1183;2559
1184;2560
1185;2561
1186;2562
1187;2563
1188;2564
1189;2565
1190;2566
1191;2567
1192;2568
1287;255
1193;2569
1194;2570
1195;2571
1196;2572
1197;2573
1198;2574
1199;2575
1200;2576
1201;2577
1202;2578
1360;256
1203;2579
1204;2580
1205;2581
1206;2582
1207;2583
1208;2584
1209;2585
1210;2586
1211;2587
1212;2588
1435;257
1213;2589
1248;2590
1319;2591
1392;2592
1467;2593
1544;2594
1623;2595
1704;2596
1787;2597
1872;2598
1512;258
1959;2599
2048;2600
2139;2601
2232;2602
2327;2603
2424;2604
2523;2605
2624;2606
2727;2607
2832;2608
1591;259
2939;2609
3048;2610
3159;2611
3272;2612
3387;2613
3504;2614
3623;2615
3744;2616
3867;2617
3993;2618
1672;260
4121;2619
4252;2620
4382;2621
4530;2622
4666;2623
4810;2624
5092;2625
5332;2626
5502;2627
5614;2628
1755;261
1250;2629
1251;2630
1252;2631
1253;2632
1254;2633
1255;2634
1256;2635
1257;2636
1258;2637
1259;2638
1840;262
1260;2639
1261;2640
1262;2641
1263;2642
1264;2643
1265;2644
1266;2645
1267;2646
1268;2647
1269;2648
1927;263
1270;2649
1271;2650
1272;2651
1273;2652
1274;2653
1275;2654
1276;2655
1277;2656
1278;2657
1279;2658
2016;264
1280;2659
1281;2660
1282;2661
1283;2662
1284;2663
1320;2664
1393;2665
1468;2666
1545;2667
1624;2668
2107;265
1705;2669
1788;2670
1873;2671
1960;2672
2049;2673
2140;2674
2233;2675
2328;2676
2425;2677
2524;2678
2200;266
2625;2679
2728;2680
2833;2681
2940;2682
3049;2683
3160;2684
3273;2685
3388;2686
3505;2687
3624;2688
2295;267
3745;2689
3868;2690
3994;2691
4122;2692
4253;2693
4383;2694
4531;2695
4667;2696
4811;2697
5093;2698
2392;268
5333;2699
5503;2700
5615;2701
1322;2702
1323;2703
1324;2704
1325;2705
1326;2706
1327;2707
1328;2708
2491;269
1329;2709
1330;2710
1331;2711
1332;2712
1333;2713
1334;2714
1335;2715
1336;2716
1337;2717
1338;2718
2592;270
1339;2719
1340;2720
1341;2721
1342;2722
1343;2723
1344;2724
1345;2725
1346;2726
1347;2727
1348;2728
2695;271
1349;2729
1350;2730
1351;2731
1352;2732
1353;2733
1354;2734
1355;2735
1356;2736
1357;2737
1394;2738
2800;272
1469;2739
1546;2740
1625;2741
1706;2742
1789;2743
1874;2744
1961;2745
2050;2746
2141;2747
2234;2748
2907;273
2329;2749
2426;2750
2525;2751
2626;2752
2729;2753
2834;2754
2941;2755
3050;2756
3161;2757
3274;2758
3016;274
3389;2759
3506;2760
3625;2761
3746;2762
3869;2763
3995;2764
4123;2765
4254;2766
4384;2767
4532;2768
3127;275
4668;2769
4812;2770
5094;2771
5334;2772
5504;2773
5616;2774
1396;2775
1397;2776
1398;2777
1399;2778
3240;276
1400;2779
1401;2780
1402;2781
1403;2782
1404;2783
1405;2784
1406;2785
1407;2786
1408;2787
1409;2788
3355;277
1410;2789
1411;2790
1412;2791
1413;2792
1414;2793
1415;2794
1416;2795
1417;2796
1418;2797
1419;2798
3472;278
1420;2799
1421;2800
1422;2801
1423;2802
1424;2803
1425;2804
1426;2805
1427;2806
1428;2807
1429;2808
3591;279
1430;2809
1431;2810
1432;2811
1470;2812
1547;2813
1626;2814
1707;2815
1790;2816
1875;2817
1962;2818
3712;280
2051;2819
2142;2820
2235;2821
2330;2822
2427;2823
2526;2824
2627;2825
2730;2826
2835;2827
2942;2828
3835;281
3051;2829
3162;2830
3275;2831
3390;2832
3507;2833
3626;2834
3747;2835
3870;2836
3996;2837
4124;2838
3961;282
4255;2839
4385;2840
4533;2841
4669;2842
4813;2843
5095;2844
5335;2845
5505;2846
5617;2847
1472;2848
4089;283
1473;2849
1474;2850
1475;2851
1476;2852
1477;2853
1478;2854
1479;2855
1480;2856
1481;2857
1482;2858
4220;284
1483;2859
1484;2860
1485;2861
1486;2862
1487;2863
1488;2864
1489;2865
1490;2866
1491;2867
1492;2868
4350;285
1493;2869
1494;2870
1495;2871
1496;2872
1497;2873
1498;2874
1499;2875
1500;2876
1501;2877
1502;2878
4498;286
1503;2879
1504;2880
1505;2881
1506;2882
1507;2883
1508;2884
1509;2885
1548;2886
1627;2887
1708;2888
4634;287
1791;2889
1876;2890
1963;2891
2052;2892
2143;2893
2236;2894
2331;2895
2428;2896
2527;2897
2628;2898
4778;288
2731;2899
2836;2900
2943;2901
3052;2902
3163;2903
3276;2904
3391;2905
3508;2906
3627;2907
3748;2908
5060;289
3871;2909
3997;2910
4125;2911
4256;2912
4386;2913
4534;2914
4670;2915
4814;2916
5096;2917
5336;2918
5300;290
5506;2919
5618;2920
1550;2921
1551;2922
1552;2923
1553;2924
1554;2925
1555;2926
1556;2927
1557;2928
5280;291
1558;2929
1559;2930
1560;2931
1561;2932
1562;2933
1563;2934
1564;2935
1565;2936
1566;2937
1567;2938
5031;292
1568;2939
1569;2940
1570;2941
1571;2942
1572;2943
1573;2944
1574;2945
1575;2946
1576;2947
1577;2948
9;293
1578;2949
1579;2950
1580;2951
1581;2952
1582;2953
1583;2954
1584;2955
1585;2956
1586;2957
1587;2958
10;294
1588;2959
1628;2960
1709;2961
1792;2962
1877;2963
1964;2964
2053;2965
2144;2966
2237;2967
2332;2968
14;295
2429;2969
2528;2970
2629;2971
2732;2972
2837;2973
2944;2974
3053;2975
3164;2976
3277;2977
3392;2978
21;296
3509;2979
3628;2980
3749;2981
3872;2982
3998;2983
4126;2984
4257;2985
4387;2986
4535;2987
4671;2988
31;297
4815;2989
5097;2990
5337;2991
5507;2992
5619;2993
1630;2994
1631;2995
1632;2996
1633;2997
1634;2998
43;298
1635;2999
1636;3000
1637;3001
1638;3002
1639;3003
1640;3004
1641;3005
1642;3006
1643;3007
1644;3008
57;299
1645;3009
1646;3010
1647;3011
1648;3012
1649;3013
1650;3014
1651;3015
1652;3016
1653;3017
1654;3018
73;300
1655;3019
1656;3020
1657;3021
1658;3022
1659;3023
1660;3024
1661;3025
1662;3026
1663;3027
1664;3028
90;301
1665;3029
1666;3030
1667;3031
1668;3032
1669;3033
1710;3034
1793;3035
1878;3036
1965;3037
2054;3038
110;302
2145;3039
2238;3040
2333;3041
2430;3042
2529;3043
2630;3044
2733;3045
2838;3046
2945;3047
3054;3048
131;303
3165;3049
3278;3050
3393;3051
3510;3052
3629;3053
3750;3054
3873;3055
3999;3056
4127;3057
4258;3058
155;304
4388;3059
4536;3060
4672;3061
4816;3062
5098;3063
5338;3064
5508;3065
5620;3066
1712;3067
1713;3068
181;305
1714;3069
1715;3070
1716;3071
1717;3072
1718;3073
1719;3074
1720;3075
1721;3076
1722;3077
1723;3078
209;306
1724;3079
1725;3080
1726;3081
1727;3082
1728;3083
1729;3084
1730;3085
1731;3086
1732;3087
1733;3088
240;307
1734;3089
1735;3090
1736;3091
1737;3092
1738;3093
1739;3094
1740;3095
1741;3096
1742;3097
1743;3098
274;308
1744;3099
1745;3100
1746;3101
1747;3102
1748;3103
1749;3104
1750;3105
1751;3106
1752;3107
1794;3108
309;309
1879;3109
1966;3110
2055;3111
2146;3112
2239;3113
2334;3114
2431;3115
2530;3116
2631;3117
2734;3118
347;310
2839;3119
2946;3120
3055;3121
3166;3122
3279;3123
3394;3124
3511;3125
3630;3126
3751;3127
3874;3128
386;311
4000;3129
4128;3130
4259;3131
4389;3132
4537;3133
4673;3134
4817;3135
5099;3136
5339;3137
5509;3138
428;312
5621;3139
1796;3140
1797;3141
1798;3142
1799;3143
1800;3144
1801;3145
1802;3146
1803;3147
1804;3148
471;313
1805;3149
1806;3150
1807;3151
1808;3152
1809;3153
1810;3154
1811;3155
1812;3156
1813;3157
1814;3158
517;314
1815;3159
1816;3160
1817;3161
1818;3162
1819;3163
1820;3164
1821;3165
1822;3166
1823;3167
1824;3168
520;315
1825;3169
1826;3170
1827;3171
1828;3172
1829;3173
1830;3174
1831;3175
1832;3176
1833;3177
1834;3178
566;316
1835;3179
1836;3180
1837;3181
1880;3182
1967;3183
2056;3184
2147;3185
2240;3186
2335;3187
2432;3188
616;317
2531;3189
2632;3190
2735;3191
2840;3192
2947;3193
3056;3194
3167;3195
3280;3196
3395;3197
3512;3198
668;318
3631;3199
3752;3200
3875;3201
4001;3202
4129;3203
4260;3204
4390;3205
4538;3206
4674;3207
4818;3208
722;319
5100;3209
5340;3210
5510;3211
5622;3212
1882;3213
1883;3214
1884;3215
1885;3216
1886;3217
1887;3218
777;320
1888;3219
1889;3220
1890;3221
1891;3222
1892;3223
1893;3224
1894;3225
1895;3226
1896;3227
1897;3228
834;321
1898;3229
1899;3230
1900;3231
1901;3232
1902;3233
1903;3234
1904;3235
1905;3236
1906;3237
1907;3238
893;322
1908;3239
1909;3240
1910;3241
1911;3242
1912;3243
1913;3244
1914;3245
1915;3246
1916;3247
1917;3248
954;323
1918;3249
1919;3250
1920;3251
1921;3252
1922;3253
1923;3254
1924;3255
1968;3256
2057;3257
2148;3258
1016;324
2241;3259
2336;3260
2433;3261
2532;3262
2633;3263
2736;3264
2841;3265
2948;3266
3057;3267
3168;3268
1081;325
3281;3269
3396;3270
3513;3271
3632;3272
3753;3273
3876;3274
4002;3275
4130;3276
4261;3277
4391;3278
1148;326
4539;3279
4675;3280
4819;3281
5101;3282
5341;3283
5511;3284
5623;3285
1970;3286
1971;3287
1972;3288
1217;327
1973;3289
1974;3290
1975;3291
1976;3292
1977;3293
1978;3294
1979;3295
1980;3296
1981;3297
1982;3298
1288;328
1983;3299
1984;3300
1985;3301
1986;3302
1987;3303
1988;3304
1989;3305
1990;3306
1991;3307
1992;3308
1361;329
1993;3309
1994;3310
1995;3311
1996;3312
1997;3313
1998;3314
1999;3315
2000;3316
2001;3317
2002;3318
1436;330
2003;3319
2004;3320
2005;3321
2006;3322
2007;3323
2008;3324
2009;3325
2010;3326
2011;3327
2012;3328
1513;331
2013;3329
2058;3330
2149;3331
2242;3332
2337;3333
2434;3334
2533;3335
2634;3336
2737;3337
2842;3338
1592;332
2949;3339
3058;3340
3169;3341
3282;3342
3397;3343
3514;3344
3633;3345
3754;3346
3877;3347
4003;3348
1673;333
4131;3349
4262;3350
4392;3351
4540;3352
4676;3353
4820;3354
5102;3355
5342;3356
5512;3357
5624;3358
1756;334
2060;3359
2061;3360
2062;3361
2063;3362
2064;3363
2065;3364
2066;3365
2067;3366
2068;3367
2069;3368
1841;335
2070;3369
2071;3370
2072;3371
2073;3372
2074;3373
2075;3374
2076;3375
2077;3376
2078;3377
2079;3378
1928;336
2080;3379
2081;3380
2082;3381
2083;3382
2084;3383
2085;3384
2086;3385
2087;3386
2088;3387
2089;3388
2017;337
2090;3389
2091;3390
2092;3391
2093;3392
2094;3393
2095;3394
2096;3395
2097;3396
2098;3397
2099;3398
2108;338
2100;3399
2101;3400
2102;3401
2103;3402
2104;3403
2150;3404
2243;3405
2338;3406
2435;3407
2534;3408
2201;339
2635;3409
2738;3410
2843;3411
2950;3412
3059;3413
3170;3414
3283;3415
3398;3416
3515;3417
3634;3418
2296;340
3755;3419
3878;3420
4004;3421
4132;3422
4263;3423
4393;3424
4541;3425
4677;3426
4821;3427
5103;3428
2393;341
5343;3429
5513;3430
5625;3431
2152;3432
2153;3433
2154;3434
2155;3435
2156;3436
2157;3437
2158;3438
2492;342
2159;3439
2160;3440
2161;3441
2162;3442
2163;3443
2164;3444
2165;3445
2166;3446
2167;3447
2168;3448
2593;343
2169;3449
2170;3450
2171;3451
2172;3452
2173;3453
2174;3454
2175;3455
2176;3456
2177;3457
2178;3458
2696;344
2179;3459
2180;3460
2181;3461
2182;3462
2183;3463
2184;3464
2185;3465
2186;3466
2187;3467
2188;3468
2801;345
2189;3469
2190;3470
2191;3471
2192;3472
2193;3473
2194;3474
2195;3475
2196;3476
2197;3477
2244;3478
2908;346
2339;3479
2436;3480
2535;3481
2636;3482
2739;3483
2844;3484
2951;3485
3060;3486
3171;3487
3284;3488
3017;347
3399;3489
3516;3490
3635;3491
3756;3492
3879;3493
4005;3494
4133;3495
4264;3496
4394;3497
4542;3498
3128;348
4678;3499
4822;3500
5104;3501
5344;3502
5514;3503
5626;3504
2246;3505
2247;3506
2248;3507
2249;3508
3241;349
2250;3509
2251;3510
2252;3511
2253;3512
2254;3513
2255;3514
2256;3515
2257;3516
2258;3517
2259;3518
3356;350
2260;3519
2261;3520
2262;3521
2263;3522
2264;3523
2265;3524
2266;3525
2267;3526
2268;3527
2269;3528
3473;351
2270;3529
2271;3530
2272;3531
2273;3532
2274;3533
2275;3534
2276;3535
2277;3536
2278;3537
2279;3538
3592;352
2280;3539
2281;3540
2282;3541
2283;3542
2284;3543
2285;3544
2286;3545
2287;3546
2288;3547
2289;3548
3713;353
2290;3549
2291;3550
2292;3551
2340;3552
2437;3553
2536;3554
2637;3555
2740;3556
2845;3557
2952;3558
3836;354
3061;3559
3172;3560
3285;3561
3400;3562
3517;3563
3636;3564
3757;3565
3880;3566
4006;3567
4134;3568
3962;355
4265;3569
4395;3570
4543;3571
4679;3572
4823;3573
5105;3574
5345;3575
5515;3576
5627;3577
2342;3578
4090;356
2343;3579
2344;3580
2345;3581
2346;3582
2347;3583
2348;3584
2349;3585
2350;3586
2351;3587
2352;3588
4221;357
2353;3589
2354;3590
2355;3591
2356;3592
2357;3593
2358;3594
2359;3595
2360;3596
2361;3597
2362;3598
4351;358
2363;3599
2364;3600
2365;3601
2366;3602
2367;3603
2368;3604
2369;3605
2370;3606
2371;3607
2372;3608
4499;359
2373;3609
2374;3610
2375;3611
2376;3612
2377;3613
2378;3614
2379;3615
2380;3616
2381;3617
2382;3618
4635;360
2383;3619
2384;3620
2385;3621
2386;3622
2387;3623
2388;3624
2389;3625
2438;3626
2537;3627
2638;3628
4779;361
2741;3629
2846;3630
2953;3631
3062;3632
3173;3633
3286;3634
3401;3635
3518;3636
3637;3637
3758;3638
5061;362
3881;3639
4007;3640
4135;3641
4266;3642
4396;3643
4544;3644
4680;3645
4824;3646
5106;3647
5346;3648
5301;363
5516;3649
5628;3650
2440;3651
2441;3652
2442;3653
2443;3654
2444;3655
2445;3656
2446;3657
2447;3658
5281;364
2448;3659
2449;3660
2450;3661
2451;3662
2452;3663
2453;3664
2454;3665
2455;3666
2456;3667
2457;3668
5278;365
2458;3669
2459;3670
2460;3671
2461;3672
2462;3673
2463;3674
2464;3675
2465;3676
2466;3677
2467;3678
15;366
2468;3679
2469;3680
2470;3681
2471;3682
2472;3683
2473;3684
2474;3685
2475;3686
2476;3687
2477;3688
16;367
2478;3689
2479;3690
2480;3691
2481;3692
2482;3693
2483;3694
2484;3695
2485;3696
2486;3697
2487;3698
17;368
1214;35
2488;3699
2538;3700
2639;3701
2742;3702
2847;3703
2954;3704
3063;3705
3174;3706
3287;3707
3402;3708
22;369
3519;3709
3638;3710
3759;3711
3882;3712
4008;3713
4136;3714
4267;3715
4397;3716
4545;3717
4681;3718
32;370
4825;3719
5107;3720
5347;3721
5517;3722
5629;3723
2540;3724
2541;3725
2542;3726
2543;3727
2544;3728
44;371
2545;3729
2546;3730
2547;3731
2548;3732
2549;3733
2550;3734
2551;3735
2552;3736
2553;3737
2554;3738
58;372
2555;3739
2556;3740
2557;3741
2558;3742
2559;3743
2560;3744
2561;3745
2562;3746
2563;3747
2564;3748
74;373
2565;3749
2566;3750
2567;3751
2568;3752
2569;3753
2570;3754
2571;3755
2572;3756
2573;3757
2574;3758
91;374
2575;3759
2576;3760
2577;3761
2578;3762
2579;3763
2580;3764
2581;3765
2582;3766
2583;3767
2584;3768
111;375
2585;3769
2586;3770
2587;3771
2588;3772
2589;3773
2640;3774
2743;3775
2848;3776
2955;3777
3064;3778
132;376
3175;3779
3288;3780
3403;3781
3520;3782
3639;3783
3760;3784
3883;3785
4009;3786
4137;3787
4268;3788
156;377
4398;3789
4546;3790
4682;3791
4826;3792
5108;3793
5348;3794
5518;3795
5630;3796
2642;3797
2643;3798
182;378
2644;3799
2645;3800
2646;3801
2647;3802
2648;3803
2649;3804
2650;3805
2651;3806
2652;3807
2653;3808
210;379
2654;3809
2655;3810
2656;3811
2657;3812
2658;3813
2659;3814
2660;3815
2661;3816
2662;3817
2663;3818
241;380
2664;3819
2665;3820
2666;3821
2667;3822
2668;3823
2669;3824
2670;3825
2671;3826
2672;3827
2673;3828
275;381
2674;3829
2675;3830
2676;3831
2677;3832
2678;3833
2679;3834
2680;3835
2681;3836
2682;3837
2683;3838
310;382
2684;3839
2685;3840
2686;3841
2687;3842
2688;3843
2689;3844
2690;3845
2691;3846
2692;3847
2744;3848
348;383
2849;3849
2956;3850
3065;3851
3176;3852
3289;3853
3404;3854
3521;3855
3640;3856
3761;3857
3884;3858
387;384
4010;3859
4138;3860
4269;3861
4399;3862
4547;3863
4683;3864
4827;3865
5109;3866
5349;3867
5519;3868
429;385
5631;3869
2746;3870
2747;3871
2748;3872
2749;3873
2750;3874
2751;3875
2752;3876
2753;3877
2754;3878
472;386
2755;3879
2756;3880
2757;3881
2758;3882
2759;3883
2760;3884
2761;3885
2762;3886
2763;3887
2764;3888
518;387
2765;3889
2766;3890
2767;3891
2768;3892
2769;3893
2770;3894
2771;3895
2772;3896
2773;3897
2774;3898
520;388
2775;3899
2776;3900
2777;3901
2778;3902
2779;3903
2780;3904
2781;3905
2782;3906
2783;3907
2784;3908
567;389
2785;3909
2786;3910
2787;3911
2788;3912
2789;3913
2790;3914
2791;3915
2792;3916
2793;3917
2794;3918
617;390
2795;3919
2796;3920
2797;3921
2850;3922
2957;3923
3066;3924
3177;3925
3290;3926
3405;3927
3522;3928
669;391
3641;3929
3762;3930
3885;3931
4011;3932
4139;3933
4270;3934
4400;3935
4548;3936
4684;3937
4828;3938
723;392
5110;3939
5350;3940
5520;3941
5632;3942
2852;3943
2853;3944
2854;3945
2855;3946
2856;3947
2857;3948
778;393
2858;3949
2859;3950
2860;3951
2861;3952
2862;3953
2863;3954
2864;3955
2865;3956
2866;3957
2867;3958
835;394
2868;3959
2869;3960
2870;3961
2871;3962
2872;3963
2873;3964
2874;3965
2875;3966
2876;3967
2877;3968
894;395
2878;3969
2879;3970
2880;3971
2881;3972
2882;3973
2883;3974
2884;3975
2885;3976
2886;3977
2887;3978
955;396
2888;3979
2889;3980
2890;3981
2891;3982
2892;3983
2893;3984
2894;3985
2895;3986
2896;3987
2897;3988
1017;397
2898;3989
2899;3990
2900;3991
2901;3992
2902;3993
2903;3994
2904;3995
2958;3996
3067;3997
3178;3998
1082;398
3291;3999
3406;4000
3523;4001
3642;4002
3763;4003
3886;4004
4012;4005
4140;4006
4271;4007
4401;4008
1149;399
4549;4009
4685;4010
4829;4011
5111;4012
5351;4013
5521;4014
5633;4015
2960;4016
2961;4017
2962;4018
1218;400
2963;4019
2964;4020
2965;4021
2966;4022
2967;4023
2968;4024
2969;4025
2970;4026
2971;4027
2972;4028
1289;401
2973;4029
2974;4030
2975;4031
2976;4032
2977;4033
2978;4034
2979;4035
2980;4036
2981;4037
2982;4038
1362;402
2983;4039
2984;4040
2985;4041
2986;4042
2987;4043
2988;4044
2989;4045
2990;4046
2991;4047
2992;4048
1437;403
2993;4049
2994;4050
2995;4051
2996;4052
2997;4053
2998;4054
2999;4055
3000;4056
3001;4057
3002;4058
1514;404
3003;4059
3004;4060
3005;4061
3006;4062
3007;4063
3008;4064
3009;4065
3010;4066
3011;4067
3012;4068
1593;405
3013;4069
3068;4070
3179;4071
3292;4072
3407;4073
3524;4074
3643;4075
3764;4076
3887;4077
4013;4078
1674;406
4141;4079
4272;4080
4402;4081
4550;4082
4686;4083
4830;4084
5112;4085
5352;4086
5522;4087
5634;4088
1757;407
3070;4089
3071;4090
3072;4091
3073;4092
3074;4093
3075;4094
3076;4095
3077;4096
3078;4097
3079;4098
1842;408
3080;4099
3081;4100
3082;4101
3083;4102
3084;4103
3085;4104
3086;4105
3087;4106
3088;4107
3089;4108
1929;409
3090;4109
3091;4110
3092;4111
3093;4112
3094;4113
3095;4114
3096;4115
3097;4116
3098;4117
3099;4118
2018;410
3100;4119
3101;4120
3102;4121
3103;4122
3104;4123
3105;4124
3106;4125
3107;4126
3108;4127
3109;4128
2109;411
3110;4129
3111;4130
3112;4131
3113;4132
3114;4133
3115;4134
3116;4135
3117;4136
3118;4137
3119;4138
2202;412
3120;4139
3121;4140
3122;4141
3123;4142
3124;4143
3180;4144
3293;4145
3408;4146
3525;4147
3644;4148
2297;413
3765;4149
3888;4150
4014;4151
4142;4152
4273;4153
4403;4154
4551;4155
4687;4156
4831;4157
5113;4158
2394;414
5353;4159
5523;4160
5635;4161
3182;4162
3183;4163
3184;4164
3185;4165
3186;4166
3187;4167
3188;4168
2493;415
3189;4169
3190;4170
3191;4171
3192;4172
3193;4173
3194;4174
3195;4175
3196;4176
3197;4177
3198;4178
2594;416
3199;4179
3200;4180
3201;4181
3202;4182
3203;4183
3204;4184
3205;4185
3206;4186
3207;4187
3208;4188
2697;417
3209;4189
3210;4190
3211;4191
3212;4192
3213;4193
3214;4194
3215;4195
3216;4196
3217;4197
3218;4198
2802;418
3219;4199
3220;4200
3221;4201
3222;4202
3223;4203
3224;4204
3225;4205
3226;4206
3227;4207
3228;4208
2909;419
3229;4209
3230;4210
3231;4211
3232;4212
3233;4213
3234;4214
3235;4215
3236;4216
3237;4217
3294;4218
3018;420
3409;4219
3526;4220
3645;4221
3766;4222
3889;4223
4015;4224
4143;4225
4274;4226
4404;4227
4552;4228
3129;421
4688;4229
4832;4230
5114;4231
5354;4232
5524;4233
5636;4234
3296;4235
3297;4236
3298;4237
3299;4238
3242;422
3300;4239
3301;4240
3302;4241
3303;4242
3304;4243
3305;4244
3306;4245
3307;4246
3308;4247
3309;4248
3357;423
3310;4249
3311;4250
3312;4251
3313;4252
3314;4253
3315;4254
3316;4255
3317;4256
3318;4257
3319;4258
3474;424
3320;4259
3321;4260
3322;4261
3323;4262
3324;4263
3325;4264
3326;4265
3327;4266
3328;4267
3329;4268
3593;425
3330;4269
3331;4270
3332;4271
3333;4272
3334;4273
3335;4274
3336;4275
3337;4276
3338;4277
3339;4278
3714;426
3340;4279
3341;4280
3342;4281
3343;4282
3344;4283
3345;4284
3346;4285
3347;4286
3348;4287
3349;4288
3837;427
3350;4289
3351;4290
3352;4291
3410;4292
3527;4293
3646;4294
3767;4295
3890;4296
4016;4297
4144;4298
3963;428
4275;4299
4405;4300
4553;4301
4689;4302
4833;4303
5115;4304
5355;4305
5525;4306
5637;4307
3412;4308
4091;429
3413;4309
3414;4310
3415;4311
3416;4312
3417;4313
3418;4314
3419;4315
3420;4316
3421;4317
3422;4318
4222;430
3423;4319
3424;4320
3425;4321
3426;4322
3427;4323
3428;4324
3429;4325
3430;4326
3431;4327
3432;4328
4352;431
3433;4329
3434;4330
3435;4331
3436;4332
3437;4333
3438;4334
3439;4335
3440;4336
3441;4337
3442;4338
4500;432
3443;4339
3444;4340
3445;4341
3446;4342
3447;4343
3448;4344
3449;4345
3450;4346
3451;4347
3452;4348
4636;433
3453;4349
3454;4350
3455;4351
3456;4352
3457;4353
3458;4354
3459;4355
3460;4356
3461;4357
3462;4358
4780;434
3463;4359
3464;4360
3465;4361
3466;4362
3467;4363
3468;4364
3469;4365
3528;4366
3647;4367
3768;4368
5062;435
3891;4369
4017;4370
4145;4371
4276;4372
4406;4373
4554;4374
4690;4375
4834;4376
5116;4377
5356;4378
5302;436
5526;4379
5638;4380
3530;4381
3531;4382
3532;4383
3533;4384
3534;4385
3535;4386
3536;4387
3537;4388
5478;437
3538;4389
3539;4390
3540;4391
3541;4392
3542;4393
3543;4394
3544;4395
3545;4396
3546;4397
3547;4398
5293;438
1753;42
3548;4399
3549;4400
3550;4401
3551;4402
3552;4403
3553;4404
3554;4405
3555;4406
3556;4407
3557;4408
24;439
3558;4409
3559;4410
3560;4411
3561;4412
3562;4413
3563;4414
3564;4415
3565;4416
3566;4417
3567;4418
25;440
3568;4419
3569;4420
3570;4421
3571;4422
3572;4423
3573;4424
3574;4425
3575;4426
3576;4427
3577;4428
26;441
3578;4429
3579;4430
3580;4431
3581;4432
3582;4433
3583;4434
3584;4435
3585;4436
3586;4437
3587;4438
27;442
3588;4439
3648;4440
3769;4441
3892;4442
4018;4443
4146;4444
4277;4445
4407;4446
4555;4447
4691;4448
33;443
4835;4449
5117;4450
5357;4451
5527;4452
5639;4453
3649;4454
3650;4455
3652;4456
3653;4457
3654;4458
45;444
3655;4459
3656;4460
3657;4461
3658;4462
3659;4463
3660;4464
3661;4465
3662;4466
3663;4467
3664;4468
59;445
3665;4469
3666;4470
3667;4471
3668;4472
3669;4473
3670;4474
3671;4475
3672;4476
3673;4477
3674;4478
75;446
3675;4479
3676;4480
3677;4481
3678;4482
3679;4483
3680;4484
3681;4485
3682;4486
3683;4487
3684;4488
92;447
3685;4489
3686;4490
3687;4491
3688;4492
3689;4493
3690;4494
3691;4495
3692;4496
3693;4497
3694;4498
112;448
3695;4499
3696;4500
3697;4501
3698;4502
3699;4503
3700;4504
3701;4505
3702;4506
3703;4507
3704;4508
133;449
3705;4509
3706;4510
3707;4511
3708;4512
3709;4513
3770;4514
3893;4515
4019;4516
4147;4517
4278;4518
157;450
4408;4519
4556;4520
4692;4521
4836;4522
5118;4523
5358;4524
5528;4525
5640;4526
3651;4527
3771;4528
183;451
3772;4529
3775;4530
3776;4531
3777;4532
3778;4533
3779;4534
3780;4535
3781;4536
3782;4537
3783;4538
211;452
3784;4539
3785;4540
3786;4541
3787;4542
3788;4543
3789;4544
3790;4545
3791;4546
3792;4547
3793;4548
242;453
3794;4549
3795;4550
3796;4551
3797;4552
3798;4553
3799;4554
3800;4555
3801;4556
3802;4557
3803;4558
276;454
3804;4559
3805;4560
3806;4561
3807;4562
3808;4563
3809;4564
3810;4565
3811;4566
3812;4567
3813;4568
311;455
3814;4569
3815;4570
3816;4571
3817;4572
3818;4573
3819;4574
3820;4575
3821;4576
3822;4577
3823;4578
349;456
3824;4579
3825;4580
3826;4581
3827;4582
3828;4583
3829;4584
3830;4585
3831;4586
3832;4587
3894;4588
388;457
4020;4589
4148;4590
4279;4591
4409;4592
4557;4593
4693;4594
4837;4595
5119;4596
430;458
5552;4599
3773;4600
3774;4601
3895;4602
3896;4603
3901;4604
3902;4605
3903;4606
3904;4607
3905;4608
473;459
3906;4609
3907;4610
3908;4611
3909;4612
3910;4613
3911;4614
3912;4615
3913;4616
3914;4617
3915;4618
475;460
3916;4619
3917;4620
3918;4621
3919;4622
3920;4623
3921;4624
3922;4625
3923;4626
3924;4627
3925;4628
521;461
3926;4629
3927;4630
3928;4631
3929;4632
3930;4633
3931;4634
3932;4635
3933;4636
3934;4637
3935;4638
568;462
3936;4639
3937;4640
3938;4641
3939;4642
3940;4643
3941;4644
3942;4645
3943;4646
3944;4647
3945;4648
618;463
3946;4649
3947;4650
3948;4651
3949;4652
3950;4653
3951;4654
3952;4655
3953;4656
3954;4657
3955;4658
670;464
3956;4659
3957;4660
3958;4661
4021;4662
4149;4663
4280;4664
4410;4665
4558;4666
4694;4667
4838;4668
724;465
5396;4672
3898;4673
3899;4674
3900;4675
4022;4676
4023;4677
4029;4678
779;466
4030;4679
4031;4680
4032;4681
4033;4682
4034;4683
4035;4684
4036;4685
4037;4686
4038;4687
4039;4688
836;467
4040;4689
4041;4690
4042;4691
4043;4692
4044;4693
4045;4694
4046;4695
4047;4696
4048;4697
4049;4698
895;468
4050;4699
4051;4700
4052;4701
4053;4702
4054;4703
4055;4704
4056;4705
4057;4706
4058;4707
4059;4708
956;469
4060;4709
4061;4710
4062;4711
4063;4712
4064;4713
4065;4714
4066;4715
4067;4716
4068;4717
4069;4718
1018;470
4070;4719
4071;4720
4072;4721
4073;4722
4074;4723
4075;4724
4076;4725
4077;4726
4078;4727
4079;4728
1083;471
4080;4729
4081;4730
4082;4731
4083;4732
4084;4733
4085;4734
4086;4735
4150;4736
4281;4737
4411;4738
1150;472
4559;4739
4695;4740
5179;4745
4025;4746
4026;4747
4027;4748
1219;473
4028;4749
4151;4750
4152;4751
4160;4752
4161;4753
4162;4754
4163;4755
4164;4756
4165;4757
4166;4758
1290;474
4167;4759
4168;4760
4169;4761
4170;4762
4171;4763
4172;4764
4173;4765
4174;4766
4175;4767
4176;4768
1363;475
4177;4769
4178;4770
4179;4771
4180;4772
4181;4773
4182;4774
4183;4775
4184;4776
4185;4777
4186;4778
1438;476
4187;4779
4188;4780
4189;4781
4190;4782
4191;4783
4192;4784
4193;4785
4194;4786
4195;4787
4196;4788
1515;477
4197;4789
4198;4790
4199;4791
4200;4792
4201;4793
4202;4794
4203;4795
4204;4796
4205;4797
4206;4798
1594;478
4207;4799
4208;4800
4209;4801
4210;4802
4211;4803
4212;4804
4213;4805
4214;4806
4215;4807
4216;4808
1675;479
4217;4809
4282;4810
4412;4811
4696;4813
1758;480
1843;481
1930;482
2019;483
2110;484
2203;485
2298;486
2395;487
2494;488
2595;489
2698;490
2803;491
2910;492
3019;493
3130;494
3243;495
3358;496
3475;497
3594;498
11;3
3715;499
3838;500
3964;501
4092;502
4223;503
4353;504
4501;505
4637;506
4781;507
5063;508
5303;509
5483;510
5294;511
35;512
36;513
37;514
38;515
39;516
46;517
60;518
76;519
93;520
113;521
134;522
158;523
184;524
212;525
243;526
277;527
312;528
350;529
389;530
431;531
433;532
476;533
522;534
570;535
619;536
671;537
725;538
780;539
837;540
896;541
957;542
1019;543
1084;544
1151;545
1220;546
1291;547
1364;548
1439;549
1516;550
1595;551
1676;552
1759;553
1844;554
1931;555
2020;556
2111;557
2204;558
2299;559
2396;560
2495;561
2596;562
2699;563
2804;564
2911;565
3020;566
3131;567
3244;568
3359;569
3476;570
3595;571
3716;572
3839;573
3965;574
4093;575
4224;576
4354;577
4502;578
4638;579
4782;580
5064;581
5304;582
5484;583
5295;584
48;585
49;586
50;587
51;588
52;589
53;590
61;591
77;592
94;593
114;594
135;595
159;596
185;597
213;598
244;599
278;600
313;601
351;602
390;603
392;604
434;605
477;606
523;607
571;608
621;609
672;610
726;611
781;612
838;613
897;614
958;615
1020;616
1085;617
1152;618
1221;619
1292;620
1365;621
1440;622
1517;623
1596;624
1677;625
1760;626
1845;627
1932;628
2021;629
2112;630
2205;631
2300;632
2397;633
2496;634
2597;635
2700;636
2805;637
2912;638
3021;639
3132;640
3245;641
3360;642
3477;643
3596;644
3717;645
3840;646
3966;647
4094;648
4225;649
4355;650
4503;651
4639;652
4783;653
5065;654
5305;655
5485;656
5296;657
63;658
64;659
65;660
66;661
67;662
68;663
69;664
78;665
95;666
115;667
136;668
160;669
186;670
214;671
245;672
279;673
314;674
352;675
354;676
393;677
435;678
478;679
524;680
572;681
622;682
674;683
727;684
782;685
839;686
898;687
959;688
1021;689
1086;690
1153;691
1222;692
1293;693
1366;694
1441;695
1518;696
1597;697
1678;698
28;5
1761;699
1846;700
1933;701
2022;702
2113;703
2206;704
2301;705
2398;706
2497;707
2598;708
2701;709
2806;710
2913;711
3022;712
3133;713
3246;714
3361;715
3478;716
3597;717
3718;718
3841;719
3967;720
4095;721
4226;722
4356;723
4504;724
4640;725
4784;726
5066;727
5306;728
5298;71
5486;729
5297;730
79;731
80;732
81;733
82;734
83;735
84;736
85;737
86;738
96;739
116;740
137;741
161;742
187;743
215;744
246;745
280;746
315;747
317;748
5476;73
355;749
394;750
436;751
479;752
525;753
573;754
623;755
675;756
728;757
783;758
1;74
840;759
899;760
960;761
1022;762
1087;763
1154;764
1223;765
1294;766
1367;767
1442;768
5;75
1519;769
1598;770
1679;771
1762;772
1847;773
1934;774
2023;775
2114;776
2207;777
2302;778
11;76
2399;779
2498;780
2599;781
2702;782
2807;783
2914;784
3023;785
3134;786
3247;787
3362;788
18;77
3479;789
3598;790
3719;791
3842;792
3968;793
4096;794
4227;795
4357;796
4505;797
4641;798
28;78
4785;799
5067;800
5307;801
5487;802
5480;803
98;804
99;805
100;806
101;807
102;808
40;79
103;809
104;810
105;811
106;812
117;813
138;814
162;815
188;816
216;817
247;818
54;80
281;819
283;820
318;821
356;822
395;823
437;824
480;825
526;826
574;827
624;828
70;81
676;829
729;830
784;831
841;832
900;833
961;834
1023;835
1088;836
1155;837
1224;838
87;82
1295;839
1368;840
1443;841
1520;842
1599;843
1680;844
1763;845
1848;846
1935;847
2024;848
107;83
2115;849
2208;850
2303;851
2400;852
2499;853
2600;854
2703;855
2808;856
2915;857
3024;858
128;84
3135;859
3248;860
3363;861
3480;862
3599;863
3720;864
3843;865
3969;866
4097;867
4228;868
152;85
4358;869
4506;870
4642;871
4786;872
5068;873
5308;874
5488;875
5481;876
118;877
119;878
178;86
120;879
121;880
122;881
123;882
124;883
125;884
126;885
127;886
139;887
163;888
206;87
189;889
217;890
248;891
250;892
284;893
319;894
357;895
396;896
438;897
481;898
237;88
527;899
575;900
625;901
677;902
730;903
785;904
842;905
901;906
962;907
1024;908
271;89
1089;909
1156;910
1225;911
1296;912
1369;913
1444;914
1521;915
1600;916
1681;917
1764;918
306;90
1849;919
1936;920
2025;921
2116;922
2209;923
2304;924
2401;925
2500;926
2601;927
2704;928
344;91
2809;929
2916;930
3025;931
3136;932
3249;933
3364;934
3481;935
3600;936
3721;937
3844;938
383;92
3970;939
4098;940
4229;941
4359;942
4507;943
4643;944
4787;945
5069;946
5309;947
5489;948
425;93
5482;949
141;950
142;951
143;952
144;953
145;954
146;955
147;956
148;957
149;958
468;94
150;959
151;960
164;961
190;962
218;963
220;964
251;965
285;966
320;967
358;968
514;95
397;969
439;970
482;971
528;972
576;973
626;974
678;975
731;976
786;977
843;978
562;96
902;979
963;980
1025;981
1090;982
1157;983
1226;984
1297;985
1370;986
1445;987
1522;988
612;97
1601;989
1682;990
1765;991
1850;992
1937;993
2026;994
2117;995
2210;996
2305;997
2402;998
664;98
